<?xml version="1.0" encoding="UTF-8"?>
<beans xmlns="http://www.springframework.org/schema/beans"
	xmlns:xsi="http://www.w3.org/2001/XMLSchema-instance"
	xmlns:context="http://www.springframework.org/schema/context"
	xmlns:mvc="http://www.springframework.org/schema/mvc"
	xmlns:p="http://www.springframework.org/schema/p"
	xmlns:tx="http://www.springframework.org/schema/tx"
	xmlns:aop="http://www.springframework.org/schema/aop"
	xmlns:c="http://www.springframework.org/schema/c"
	xsi:schemaLocation="http://www.springframework.org/schema/mvc http://www.springframework.org/schema/mvc/spring-mvc-4.3.xsd
		http://www.springframework.org/schema/beans https://www.springframework.org/schema/beans/spring-beans.xsd
		http://www.springframework.org/schema/context http://www.springframework.org/schema/context/spring-context-4.3.xsd
		http://www.springframework.org/schema/aop http://www.springframework.org/schema/aop/spring-aop-4.3.xsd
		http://www.springframework.org/schema/tx http://www.springframework.org/schema/tx/spring-tx-4.3.xsd">
	
	<!-- Root Context: defines shared resources visible to all other web components -->
	<context:component-scan
		base-package="com.spring.proj" />	
		
		
	<context:property-placeholder
		location="classpath:config/database.properties" />
		
		
	<!-- 스프링 JDBC 설정 방법  -->
		
	<bean id="dataSource"
		class="org.apache.commons.dbcp.BasicDataSource">
		<property name="driverClassName" value="${driver}" />
		<property name="url" value="${url}" />
		<property name="username" value="${name}" />
		<property name="password" value="${pw}" />
	</bean>	
	
<!-- 		<bean id="jdbcTemplate"
		class="org.springframework.jdbc.core.JdbcTemplate">
		<property name="dataSource" ref="dataSource" />
	</bean> -->
		
	
		<!-- Spring과 Mybatis 연동 설정 1 -->
	<bean id="sqlSession"
		class="org.mybatis.spring.SqlSessionFactoryBean">
		<property name="dataSource" ref="dataSource" />
		<property name="configLocation"
			value="classpath:sqlMapConfig.xml" />
	</bean>

	<!-- Spring과 Mybatis 연동 설정 2 -->
	<bean class="org.mybatis.spring.SqlSessionTemplate">
	<constructor-arg ref="sqlSession"/>
	</bean>
	
	
	
		<!-- Transaction 설정 -->
	<bean id="txManager"
		class="org.springframework.jdbc.datasource.DataSourceTransactionManager">
		<property name="dataSource" ref="dataSource" />
	</bean>


	<tx:advice id="txAdvice" transaction-manager="txManager">
		<tx:attributes>
			<tx:method name="get*" read-only="true" />
			<tx:method name="*" />
		</tx:attributes>
	</tx:advice>


	<aop:config>
		<aop:pointcut id="txPointcut"
			expression="execution(* com.springproj.biz..*(..))" />
		<aop:advisor advice-ref="txAdvice"
			pointcut-ref="txPointcut" />     <!-- aspect는 매서드가 적용되어야 하기때문에 advisor을 사용한다 / advisor는 transaction에서 사용한다 -->
	</aop:config>
	
	
	<bean id="jdbcTemplate"
		class="org.springframework.jdbc.core.JdbcTemplate">
		<property name="dataSource" ref="dataSource" />
	</bean>	
		
		


		
		
		
		
</beans>
