<?xml version="1.0" encoding="UTF-8"?>
<!DOCTYPE mapper
  PUBLIC "-//mybatis.org//DTD Mapper 3.0//EN"
  "https://mybatis.org/dtd/mybatis-3-mapper.dtd">	
  <!-- 쿼리가 담기는 설정 파일이다 -->
  
  <mapper namespace="Board">
	  <insert id="insertBoard" parameterType="board"> <!-- DAO에서 BoardVO vo(파라미터)에 담아져있기에 parameterType="board"생략가능함 -->
	  <![CDATA[
	  		insert into board(seq, title, writer, content) 
	  		values ((select nvl(max(seq),0)+1 from board), #{title}, #{writer}, #{content})
	  ]]>
	  </insert>	
	 
	  
	  <!-- 총 게시글 갯수 출력 -->
	<select id="countBoard" resultType="int">
		SELECT COUNT(*) FROM BOARD
	</select>
	
	<!-- 페이징 처리 후 게시글 조회 -->
	<select id="selectBoardList" resultType="board">
		SELECT b.* FROM (
				SELECT ROWNUM RN, A.* FROM (
					SELECT * 
					FROM BOARD 
				ORDER BY seq DESC ) A ) b
		WHERE RN BETWEEN #{start} AND #{end}
	</select>
	
	  
	  
	  <!-- List 보여주기 -->
	  <select id="getBoard" resultType="board">
	  <![CDATA[
	  	select * from BOARD where seq = #{seq}
	  ]]>
	  </select>
	  
	  
	  <update id="updateBoard">
	  <![CDATA[
	  	update board set title = #{title}, content = #{content} where seq = #{seq}
	  ]]>
	  </update>
	  
	  
	  <delete id="deleteBoard">
	  <![CDATA[
	  	delete from board where seq = #{seq}
	  ]]>
	  </delete>
	  
  </mapper>
	  
    	
			
	