<?xml version="1.0" encoding="UTF-8"?>
<beans:beans xmlns:xsi="http://www.w3.org/2001/XMLSchema-instance"
	xmlns:beans="http://www.springframework.org/schema/beans"
	xmlns:context="http://www.springframework.org/schema/context"
	xmlns="http://www.springframework.org/schema/mvc"
	xsi:schemaLocation="http://www.springframework.org/schema/mvc https://www.springframework.org/schema/mvc/spring-mvc.xsd
		http://www.springframework.org/schema/beans https://www.springframework.org/schema/beans/spring-beans.xsd
		http://www.springframework.org/schema/context https://www.springframework.org/schema/context/spring-context.xsd">

	<!-- DispatcherServlet Context: defines this servlet's request-processing infrastructure -->
	<context:component-scan base-package="com.springproj.controller" />
		
	<!-- Enables the Spring MVC @Controller programming model -->
	<annotation-driven /> <!-- 예외처리에 사용, 컨트롤러와 관련된 어노테이션을 인식해주는 어노테이션 -->

	<!-- Handles HTTP GET requests for /resources/** by efficiently serving up static resources in the ${webappRoot}/resources directory -->
	<resources mapping="/resources/**" location="/resources/" />

	<!-- Resolves views selected for rendering by @Controllers to .jsp resources in the /WEB-INF/views directory -->
	<beans:bean class="org.springframework.web.servlet.view.InternalResourceViewResolver">
		<beans:property name="prefix" value="/WEB-INF/views/" />	<!-- property는 set 메서드 넣어줄 value --> 
		<beans:property name="suffix" value=".jsp" />
	</beans:bean>
	
	<!-- 빈 객체를 생성하려고 자동으로 만들어진 것 -->
	<context:component-scan base-package="com.springproj.controller" /> 
	
	<!-- File 업로드 설정, 식별자 multipartResolver이름은 절대적이다. -->
	<beans:bean id="multipartResolver" class="org.springframework.web.multipart.commons.CommonsMultipartResolver">
	<beans:property name="maxUploadSize" value="100000" />	<!-- value="-1"은 제한없이 올리겠다. -->
	</beans:bean>
	
	<!-- xml 기반의 예외 처리 -->
	<beans:bean id="exceptionResolver" class="org.springframework.web.servlet.handler.SimpleMappingExceptionResolver">
		<beans:property name="exceptionMappings">
			<beans:props>
				<beans:prop key="java.lang.ArithmeticException">
					common/arithmeticError
				</beans:prop>
				<beans:prop key="java.lang.NullPointerException">
					common/nullPointerError
				</beans:prop>
			</beans:props>
		</beans:property>
		<beans:property name="defaultErrorView" value="common/error"/>
	</beans:bean>
		
</beans:beans>
