<?xml version="1.0" encoding="UTF-8"?>
<!DOCTYPE mapper
  PUBLIC "-//mybatis.org//DTD Mapper 3.0//EN"
  "https://mybatis.org/dtd/mybatis-3-mapper.dtd">	
  <!-- 쿼리가 담기는 설정 파일이다 -->
  
  
  <mapper namespace="Basket">
	  <insert id="insertBasket" parameterType="basket"> <!-- DAO에서 BrandVO vo(파라미터)에 담아져있기에 parameterType="Brand"생략가능함 -->
	  <![CDATA[
	  		insert into basket(s_no, um_no, p_pno, s_quantity) 
	  		values ((select nvl(max(s_no),0)+1 from basket), #{um_no}, #{p_pno}, #{s_quantity})
	  ]]>
	  </insert>	
	  
	  
	  <select id="getBasketList" resultType="basket">	
		select * 
	  	from basket 
	  	where 1 = 1
	  	<if test="searchCondition == 'S_NO'">
	  		and s_no like '%'||#{searchKeyword}||'%' 
	  	</if>
	  	<if test="searchCondition == 'UM_NO'">
	  		and um_no like '%'||#{searchKeyword}||'%' 
	  	</if>
	  	order by s_no desc
	  </select>
	  
	  
	  <!-- List 보여주기 -->
	  <select id="getBasket" resultType="basket">
	  <![CDATA[
		select * 
	  	from basket 
	  	left join product
	  	on basket.p_pno= product.p_pno
	  	where basket.um_no = #{um_no}
	  ]]>
	  </select>
	  
	  
	  <update id="updateBasket">
	  <![CDATA[
	  	update basket set s_no = #{s_no}, um_no = #{um_no}, p_pno = #{p_pno}, s_quantity = #{s_quantity} where s_no = #{s_no}
	  ]]>
	  </update>
	  
	  
	  <delete id="deleteBasket">
	  <![CDATA[
	  	delete from basket where s_no = #{s_no}
	  ]]>
	  </delete>
	  
  </mapper>
	  
    	
			
	