<?xml version="1.0" encoding="UTF-8"?>
<!DOCTYPE mapper
  PUBLIC "-//mybatis.org//DTD Mapper 3.0//EN"
  "https://mybatis.org/dtd/mybatis-3-mapper.dtd">
  
<mapper namespace="Product">

	<insert id="insertProduct">
	<![CDATA[
		
		insert into product(p_pno,p_name,p_detail,p_price,p_start,p_end,p_delivery,p_as,p_ox,p_pimg,p_dimg,p_deldis,bm_no,p_count,p_disprice) values((select nvl(max(p_pno),0)+1 from product),#{p_name},#{p_detail},#{p_price},#{p_start},#{p_end},#{p_delivery},#{p_as},#{p_ox},#{p_pimg},#{p_dimg},#{p_deldis},#{bm_no},#{p_count},#{p_disprice})
		
	]]>
	</insert>
	
	<!-- 
	<select id="getBoardList_T" resultType="board">
	<![CDATA[
		select * from board where title like '%'||#{searchKeyword}||'%' order by seq desc
	]]>
	</select>
	
	<select id="getBoardList_C" resultType="board">
	<![CDATA[
		select * from board where content like '%'||#{searchKeyword}||'%' order by seq desc
	]]>
	</select> 
	-->
	<!-- 검색기능 --> 
	 <select id="getProductList" resultType="product">
	
		select * 
		from product 
		where 1 = 1
		<if test="searchCondition == 'P_PNO'">
			and p_pno like '%'||#{searchKeyword}||'%' 
		</if>
		<if test="searchCondition == 'P_DISPRICE'">
			and p_disprice like '%'||#{searchKeyword}||'%'
		</if>
		order by p_pno desc 
		<!-- <![CDATA[
		select * from product order by p_pno asc
		]]> -->
	
	</select> 
	
	<select id="getProduct" resultType="product">
	<![CDATA[
		select * from product where p_pno = #{p_pno}
	]]>
	</select>
	
	 <update id="updateProduct">
	<![CDATA[
		update product set p_name = #{p_name}, p_detail = #{p_detail} where p_pno = #{p_pno}
	]]>
	</update> 
	
	 <delete id="deleteProduct">
	<![CDATA[
		delete from product where p_pno = #{p_pno}
	]]>
	</delete>
	
</mapper>  

<!-- ' <![CDATA[ sql query문 ]]> ' : sql query안의 연산자를 elements로 인식하지 않도록 붙여줘야 하는 것. -->
  