<?xml version="1.0" encoding="UTF-8"?>
<!DOCTYPE mapper
  PUBLIC "-//mybatis.org//DTD Mapper 3.0//EN"
  "https://mybatis.org/dtd/mybatis-3-mapper.dtd">
<!-- mapper namespace 쿼리문에 대한 고유 ID  -->
<mapper namespace="Buy">
 
 <!-- 	<resultMap type="pointAp" id="point">
	<result property="pa_no" column="pa_no"/>
	<result property="pa_point" column="pa_point"/>
	</resultMap>
	<resultMap type="buy" id="userTest">
	<result property="pa_no" column="pa_no"/>
	<collection property="PointApVO " resultMap="pointApVO "/>
	

	
	
	</resultMap> -->
	<select id="getBuy" resultType="buy" >
		<![CDATA[

		select
			 *
		FROM
			BUY 
			left join product
			on buy.p_pno = product.p_pno	
			where product.p_pno={p_pno}
				
		]]>
	</select> 
	
		<!-- 	select
			  b.pa_no, p.pa_point
		FROM
			pointap p join buy b on p.pa_no = b.pa_no 
		Where p.pa_point != null -->
		
	
<!-- 	resultMap="pointApVO " -->
	
	
	<insert id="insertBuy" parameterType="buy">
	<![CDATA[
		insert into buy(po_no, o_odno, po_total, pa_no, cpa_no, d_dno, po_drequest,po_price, po_ptype, po_name, po_number,po_addr,po_status) values((select nvl(max(po_no),0)+1 from buy),
					 #{o_odno}, #{po_total}, #{pa_no}, #{cpa_no}, #{d_dno}, #{po_drequest}, #{po_price}, #{po_ptype}, #{po_name}, #{po_number}, #{po_addr}, #{po_status}) 
	]]>
	</insert>
	
	  <select id="getBuyList" resultType="buy">
		<![CDATA[
		select * from buy order by po_no asc
		]]>
	</select> 
	
	<!--  <select id="getBuy" resultType="buy">
	<![CDATA[
		select * from buy where po_no = #{po_no}
	]]>
	</select>  -->
	
	 <update id="updateBuy">
	<![CDATA[
		update buy set po_name = #{po_name}, um_no = #{um_no} where po_no = #{po_no}
	]]>
	</update> 
	
	
	<delete id="deleteBuy">
	<![CDATA[
		delete from buy where po_no = #{po_no}
	]]>
	</delete>



	 <select id="getpoint1" resultType="buy" >
	 <![CDATA[
	 select * from pointap where pa_no = ${pa_no}
	 ]]>
	 </select>

	 <select id="getproduct1" resultType="buy">
	 <![CDATA[
	 select * from productbuy where o_odno = ${o_odno}
	 ]]>
	 </select>
	
	 <select id="getdelivery1" resultType="buy" parameterType="int">
	 <![CDATA[
	 select * from delivery where d_dno = ${d_dno}
	 ]]>
	 </select>
	 
	 <select id="getcoupon1" resultType="buy">
	 <![CDATA[
	select * from buy
	left join couponap
	on buy.cpa_no = couponap.cpa_no
	left join pointap
	on buy.pa_no = pointap.pa_no
	left join delivery
	on buy.d_dno = delivery.d_dno
	left join productbuy
	on buy.o_odno = productbuy.o_odno
	left join product
	on buy.p_pno = product.p_pno
	 ]]>
	 </select>
	 
</mapper>



	
	
	

	

 