<?xml version="1.0" encoding="UTF-8"?>
<!-- mvc가 체크를 해도 mvc가 접두어가 안 붙는데 한번 더 체크하면 접두어 붙음 -->
<beans xmlns="http://www.springframework.org/schema/beans"
	xmlns:xsi="http://www.w3.org/2001/XMLSchema-instance"
	xmlns:context="http://www.springframework.org/schema/context"
	xmlns:p="http://www.springframework.org/schema/p"
	xmlns:tx="http://www.springframework.org/schema/tx"
	xmlns:aop="http://www.springframework.org/schema/aop"
	xmlns:mvc="http://www.springframework.org/schema/mvc"
	xsi:schemaLocation="http://www.springframework.org/schema/mvc http://www.springframework.org/schema/mvc/spring-mvc-4.3.xsd
		http://www.springframework.org/schema/beans https://www.springframework.org/schema/beans/spring-beans.xsd
		http://www.springframework.org/schema/context http://www.springframework.org/schema/context/spring-context-4.3.xsd
		http://www.springframework.org/schema/aop http://www.springframework.org/schema/aop/spring-aop-4.3.xsd
		http://www.springframework.org/schema/tx http://www.springframework.org/schema/tx/spring-tx-4.3.xsd">
	
	<!-- Root Context: defines shared resources visible to all other web components -->
	<!-- 스프링이 참조하도록 양식으로 만들어놓은 것, 스피링에 최적화됨 -->
	<context:component-scan base-package="com.springproj.biz"/>

	

	<!-- AOP annotation을 위한 설정 -->
	<aop:aspectj-autoproxy/>	<!-- Aspect 어노테이션을 적용 -->
	
	<!-- 스프링 JDBC 설정 방법 -->
	<context:property-placeholder location="classpath:config/database.properties"/>	<!-- classpath가 나오면 resource 폴더를 말한다는 것을 인식해야 함. -->
	
	<bean id="dataSource" class="org.apache.commons.dbcp.BasicDataSource">
		<property name="driverClassName" value="${driver}" />
		<property name="url" value="${url}"/>
		<property name="username"  value="${name}"/>
		<property name="password"  value="${pw}"/>
	</bean>
	 
	 
	 <!-- springJDBC 기능을 탑재하고 있음  -->
	<bean id="jdbcTemplate" class="org.springframework.jdbc.core.JdbcTemplate">
		<property name="dataSource" ref="dataSource" />
	</bean>	
	
	
	<!-- Transaction 설정, Spring이 정의한 것을 이용하는 것 
	<bean id="txManager" class="org.springframework.jdbc.datasource.DataSourceTransactionManager">
		<property name="dataSource" ref="dataSource"></property>
	</bean>
	
	<tx:advice id="txAdvice" transaction-manager="txManager">
		<tx:attributes>
			<tx:method name="get*" read-only="true"/>	 이 메서드는 감시대상에서 제외(get은 제외) 
			<tx:method name="*"/>
		</tx:attributes>
	</tx:advice>
	
	<aop:config>
		<aop:pointcut id="txPointcut" expression="execution(* com.springproj.biz..*(..))"/>
		<aop:advisor advice-ref="txAdvice" pointcut-ref="txPointcut"/>	 aspect와 똑같은 기능을 구현, 왜냐하면 정확히 지정한 메서드가 없음 
	</aop:config> 
	-->
	
	<!-- Spring과 Mybatis 연동 설정 방법 (1) -->
	<bean id="sqlSession" class="org.mybatis.spring.SqlSessionFactoryBean">
		<property name="dataSource" ref="dataSource"></property> <!-- name="dataSource" Set호출하면서 ref="dataSource"자료를 전달한다 -->
		<property name="configLocation" value="classpath:sqlMapConfig.xml" />	
		<!-- Mybatis설정에 대한 위치정보를 value="classpath:sqlMapConfig.xml"라고 알려주는 것 -->
	</bean>
	
	<!-- Spring과 Mybatis 연동 설정 방법 (2) -->
	<bean class="org.mybatis.spring.SqlSessionTemplate">
		<constructor-arg ref="sqlSession"/>	<!-- constructor-arg = 생성자 호출// 객체 생성은 ref="" -->
	</bean>
	
	
	
</beans>
