<?xml version="1.0" encoding="UTF-8"?>
<!DOCTYPE mapper
  PUBLIC "-//mybatis.org//DTD Mapper 3.0//EN"
  "https://mybatis.org/dtd/mybatis-3-mapper.dtd">	
  <!-- 쿼리가 담기는 설정 파일이다 -->
  
  <mapper namespace="BrandInfo">
	  <insert id="insertBrandInfo" parameterType="brandInfo"> <!-- DAO에서 BrandVO vo(파라미터)에 담아져있기에 parameterType="Brand"생략가능함 -->
	  <![CDATA[
	  		insert into brandInfo(bm_no, bi_biznum, bi_name, bi_tel, bi_repr, bi_commnum, bi_addr, bi_desc, bi_bizlic, bi_shop, bi_insta, bi_sns, bi_fax) 
	  		values (#{bm_no}, #{bi_biznum}, #{bi_name}, #{bi_tel}, #{bi_repr}, #{bi_commnum}, #{bi_addr}, #{bi_desc}, #{bi_bizlic}, #{bi_shop}, #{bi_insta}, #{bi_sns}, #{bi_fax})
	  ]]>
	  </insert>	
	  <!-- '<', '>'는 비교 연산자로 인식하지 않고 여기에서는 꺽쇠로 본다. 설정을 <![CDATA[]]>로 --> <!-- // SQL문 - nvl: Null값이면 0으로 실행해라 -->
	  <!-- ${}는 변수를 바로 가져온다. #{}은 실행되어지는 시점에 변수를 가져온다. 둘이 같다고 생각해도 상관없다. -->
  	  
	  <!-- <select id="getBrandList_T" resultType="Brand">	resultType="Brand" 반환받는 타입을 명시하고 있어야 한다. 짧게 별명alias로 Brand로
	  <![CDATA[
	  	select * from Brand where title like '%'||#{searchKeyword}||'%' order by seq desc
	  ]]>
	  </select>
	  
	   
	  <select id="getBrandList_C" resultType="Brand">
	  <![CDATA[
	  	select * from Brand where content like '%'||#{searchKeyword}||'%' order by seq desc
	  ]]>
	  </select> -->
	  
	  <!-- Mybatis가 제공하는 동적(Dynamic) SQL 쿼리문을 추가적으로 제공해줌. Spring(X) -->
	  <!-- resultType="Brand" 반환받는 타입을 명시하고 있어야 한다. 짧게 별명alias로 Brand로 -->
	  <select id="getBrandInfoList" resultType="brandInfo">	
		select * 
	  	from brandInfo 
	  	where 1 = 1
	  	<if test="searchCondition == 'BM_NO'">
	  		and BM_NO like '%'||#{searchKeyword}||'%' 
	  	</if>
	  	<if test="searchCondition == 'BI_NAME'">
	  		and BI_NAME like '%'||#{searchKeyword}||'%' 
	  	</if>
	  	order by BM_NO desc
	  </select>
	  
	  
	  <!-- List 보여주기 -->
	  <select id="getBrandInfo" resultType="brandInfo">
	  <![CDATA[
	  	select * from brandInfo where bm_no = #{bm_no}
	  ]]>
	  </select>
	  
	  
	  <update id="updateBrandInfo">
	  <![CDATA[
	  	update brandInfo set bm_no = #{bm_no}, bi_biznum = #{bi_biznum}, 
	  	bi_name = #{bi_name}, bi_tel = #{bi_tel}, bi_repr = #{bi_repr}, 
	  	bi_commnum = #{bi_commnum}, bi_addr = #{bi_addr}, bi_desc = #{bi_desc}, 
	  	bi_bizlic = #{bi_bizlic}, bi_shop = #{bi_shop}, bi_insta = #{bi_insta}, 
	  	bi_sns = #{bi_sns}, bi_fax = #{bi_fax} where bm_no = #{bm_no}
	  ]]> 
	  </update>
	 	  
	  <delete id="deleteBrandInfo">
	  <![CDATA[
	  	delete from brandInfo where bm_no = #{bm_no}
	  ]]>
	  </delete>
	  
  </mapper>
	  
    	
			
	