<?xml version="1.0" encoding="UTF-8"?>
<!DOCTYPE mapper
  PUBLIC "-//mybatis.org//DTD Mapper 3.0//EN"
  "https://mybatis.org/dtd/mybatis-3-mapper.dtd">
<!-- mapper namespace 쿼리문에 대한 고유 ID  -->
<mapper namespace="Buy">
	<insert id="insertBuy" parameterType="buy">
	<![CDATA[
		insert into buy(po_no, o_odno, po_total, pa_no, cpa_no, d_dno, po_drequest, po_price, po_ptype, po_name, po_number, po_addr, po_status) 
		values((select nvl(max(po_no),0)+1 from buy), #{o_odno}, #{po_total}, #{pa_no}, #{cpa_no}, #{d_dno}, #{po_drequest}, 
		#{po_price}, #{po_ptype}, #{po_name}, #{po_number}, #{po_addr}, #{po_status}) 
	]]>
	</insert>
	

	 <select id="getBuyList" resultType="buy">
		<![CDATA[
		select * from buy order by po_no asc
		]]>
	</select> 
	
	 <select id="getBuy" resultType="buy">
	<![CDATA[
		select * from buy where po_no = #{po_no}
	]]>
	</select> 
	
	 <update id="updateBuy">
	<![CDATA[
		update buy set po_no = #{po_no}, o_odno = #{o_odno}, po_total = #{po_total}, pa_no = #{pa_no}, 
		cpa_no = #{cpa_no}, d_dno = #{d_dno}, po_drequest = #{po_drequest}, po_price = #{po_price}, po_ptype = #{po_ptype}, 
		po_name = #{po_name}, po_number = #{po_number}, po_addr = #{po_addr}, po_status = #{po_status} where po_no = #{po_no}
	]]>
	</update> 
		
	<delete id="deleteBuy">
	<![CDATA[
		delete from buy where po_no = #{po_no}
	]]>
	</delete>
	
</mapper>



	
	
	

	

 