<?xml version="1.0" encoding="UTF-8"?>
<!DOCTYPE mapper
  PUBLIC "-//mybatis.org//DTD Mapper 3.0//EN"
  "https://mybatis.org/dtd/mybatis-3-mapper.dtd">
  
<mapper namespace="Product">

	<insert id="insertProduct" >
	<![CDATA[
		
		insert into product(p_pno,bm_no,p_name,p_detail,p_price,p_disprice,p_start,p_end,p_delivery,p_as,p_ox,p_deldis,p_count) 
		values((select nvl(max(p_pno),0)+1 from product),#{bm_no},#{p_name},#{p_detail},#{p_price},#{p_disprice},#{p_start},
		#{p_end},#{p_delivery},#{p_as},#{p_ox},#{p_deldis},#{p_count})
	]]>
	</insert>
	
	
	<!-- 검색기능 --> 
	 <select id="getProductList" resultType="product">
	
		select * 
		from product 
		where 1 = 1
		<if test="searchCondition == 'P_PNO'">
			and p_pno like '%'||#{searchKeyword}||'%' 
		</if>
		<if test="searchCondition == 'BM_NO'">
			and bm_no like '%'||#{searchKeyword}||'%'
		</if>
		order by p_pno desc 
		
	
	</select> 
	
	<select id="getProduct" resultType="product">
	<![CDATA[
		select * from product where p_pno = #{p_pno}
	]]>
	</select>
	
	 <update id="updateProduct">
	<![CDATA[
		update product set p_pno = #{p_pno}, p_name = #{p_name}, p_detail = #{p_detail}, p_price = #{p_price}, 
		p_disprice = #{p_disprice}, p_start = #{p_start}, p_end = #{p_end}, p_delivery = #{p_delivery}, p_as = #{p_as}, 
		p_ox = #{p_ox}, p_deldis = #{p_deldis}, p_count = #{p_count} where p_pno = #{p_pno}
	]]>
	</update> 
	
	 <delete id="deleteProduct">
	<![CDATA[
		delete from product where p_pno = #{p_pno}
	]]>
	</delete>
	
</mapper>  

