<?xml version="1.0" encoding="UTF-8"?>
<!DOCTYPE mapper
  PUBLIC "-//mybatis.org//DTD Mapper 3.0//EN"
  "https://mybatis.org/dtd/mybatis-3-mapper.dtd">

<mapper namespace="UserMember">

	<insert id="insertUserMember">
		<!-- 비교연산자 > < 는 엘리멘트로 인식 할 수 있기 때문에 <![CDATA[]]> 아래와 같이 처리한다 -->
	<![CDATA[
	INSERT into usermember(um_no, um_mid, um_grade, um_password, um_ars, um_ymd, um_gender, um_tel, um_addr, um_email, um_emailch, um_snsch, ms_grade)
	values((select nvl(max(um_no),0)+1 from usermember),#{um_mid}, '2',#{um_password},#{um_ars},#{um_ymd}, #{um_gender}, #{um_tel},#{um_addr},#{um_email},#{um_emailch},#{um_snsch}, null ) 
	]]>
	</insert>


	<select id="getUserMember" resultType="usermember">
	<![CDATA[
	SELECT * FROM usermember  WHERE um_no = #{um_no}
	]]>
	</select>
	
	
	<select id="idChkMember" resultType="int">
	<![CDATA[
	select COUNT(um_mid) FROM usermember   WHERE  um_mid = #{id}
	]]>
	</select>
	
		<select id="emailChkMember" resultType="int">
	<![CDATA[
	select COUNT(um_email) FROM usermember   WHERE  um_email = #{um_email}
	]]>
	</select>
	



	<select id="getUserMemberList" 
		resultType="usermember">

		SELECT *
		FROM usermember
		WHERE 1 = 1
		<if test="searchCondition == 'UM_NO'">
			and um_NO like '%'||#{searchKeyword}||'%'
		</if>
		<if test="searchCondition == 'UM_MID'">
			and UM_MID like '%'||#{searchKeyword}||'%'
		</if>
		ORDER BY UM_NO DESC

	</select>



<!-- 
	<select id="getUserMemberList" resultType="userMember">
<![CDATA[
	SELECT * FROM usermember 
			
	]]>
	</select>
 -->


	<update id="updateUserMember">
	<![CDATA[
	UPDATE usermember set um_password = #{um_password},um_snsch=#{um_snsch},um_emailch=#{um_emailch}, um_tel=#{um_tel},um_addr=#{um_addr}, um_email=#{um_email} WHERE um_mid = #{um_mid}
	]]>
	</update>

	<delete id="deleteUserMember">
	<![CDATA[
	DELETE FROM usermember  WHERE um_no = #{um_no}
	]]>
	</delete>


	
	<!-- 멤버쉽 신청 -->
	<update id="joinMembership">
	<![CDATA[
	UPDATE usermember set ms_grade = '1' WHERE um_no = #{um_no}
	]]>
	</update>
	<!-- 멤버쉽 승인 -->
	<update id="upgradeMembership">
	<![CDATA[
	UPDATE usermember set ms_grade = '2' WHERE um_no = #{um_no}
	]]>
	</update>
	<!-- 멤버쉽 승인 대기 리스트 -->
	<select id="upgradeMembershipList" 
	resultType="usermember">
		<![CDATA[
		SELECT *
		FROM usermember
		WHERE ms_grade = 1
		]]>
	</select>


</mapper>

 